customer_id,feedback_month,satisfaction_score,nps_score,feedback_category
CUST_00003,2024-10-01,7,30,Product
CUST_00003,2024-08-01,7,28,Features
CUST_00008,2025-11-01,9,33,Product
CUST_00009,2025-06-01,8,34,Features
CUST_00012,2025-07-01,7,34,Product
CUST_00012,2024-12-01,8,25,Product
CUST_00014,2024-09-01,7,9,Features
CUST_00014,2024-11-01,7,28,Product
CUST_00017,2024-11-01,7,3,Product
CUST_00021,2025-09-01,8,23,Integration
CUST_00028,2025-11-01,6,-4,Product
CUST_00028,2025-05-01,5,0,Features
CUST_00028,2025-04-01,9,47,Product
CUST_00033,2025-09-01,8,31,Product
CUST_00037,2025-07-01,10,40,Product
CUST_00046,2025-01-01,4,-21,Product
CUST_00051,2025-11-01,7,32,Features
CUST_00054,2025-11-01,5,-10,Support
CUST_00056,2025-04-01,7,28,Support
CUST_00056,2025-05-01,7,30,Support
CUST_00056,2025-08-01,7,28,Product
CUST_00057,2025-09-01,6,12,Features
CUST_00059,2025-11-01,8,48,Product
CUST_00066,2025-05-01,7,11,Product
CUST_00067,2024-10-01,7,3,Features
CUST_00067,2025-11-01,6,17,Features
CUST_00073,2025-03-01,7,24,Support
CUST_00074,2025-12-01,7,46,Features
CUST_00076,2024-06-01,6,0,Product
CUST_00076,2025-04-01,7,29,Support
CUST_00078,2025-06-01,10,50,Integration
CUST_00084,2025-12-01,7,26,Product
CUST_00087,2024-12-01,9,52,Integration
CUST_00090,2025-09-01,5,-15,Support
CUST_00093,2025-01-01,6,28,Product
CUST_00096,2025-04-01,6,-3,Product
CUST_00102,2025-07-01,10,47,Product
CUST_00105,2025-11-01,5,-3,Product
CUST_00113,2025-08-01,8,19,Integration
CUST_00114,2025-06-01,7,23,Features
CUST_00116,2025-10-01,7,38,Features
CUST_00118,2025-04-01,7,14,Features
CUST_00119,2025-05-01,8,14,Features
CUST_00119,2024-05-01,9,24,Features
CUST_00122,2025-02-01,7,43,Support
CUST_00123,2025-08-01,7,23,Support
CUST_00125,2025-11-01,5,1,Product
CUST_00127,2024-03-01,7,26,Support
CUST_00128,2025-07-01,9,27,Product
CUST_00140,2024-09-01,7,26,Product
CUST_00140,2024-03-01,8,42,Product
CUST_00141,2025-10-01,7,-6,Features
CUST_00142,2025-08-01,5,-10,Support
CUST_00149,2025-10-01,8,22,Product
CUST_00156,2025-05-01,9,34,Integration
CUST_00160,2025-02-01,6,20,Product
CUST_00164,2025-11-01,9,25,Integration
CUST_00166,2025-12-01,6,10,Product
CUST_00173,2025-07-01,6,21,Features
CUST_00175,2025-05-01,5,9,Features
CUST_00175,2025-11-01,5,9,Product
CUST_00177,2024-07-01,5,-13,Support
CUST_00181,2025-09-01,9,17,Integration
CUST_00186,2025-12-01,6,25,Features
CUST_00188,2025-01-01,8,25,Integration
CUST_00188,2025-11-01,6,-7,Features
CUST_00190,2025-11-01,7,22,Support
CUST_00190,2025-06-01,10,54,Product
CUST_00194,2025-03-01,7,35,Features
CUST_00195,2025-11-01,7,21,Features
CUST_00198,2024-07-01,8,46,Features
CUST_00200,2025-01-01,8,30,Product
CUST_00208,2025-01-01,6,9,Product
CUST_00208,2024-11-01,8,19,Features
CUST_00210,2025-02-01,7,38,Features
CUST_00211,2025-05-01,6,-3,Product
CUST_00211,2025-10-01,7,35,Support
CUST_00224,2025-02-01,7,7,Product
CUST_00225,2025-10-01,7,13,Features
CUST_00228,2025-08-01,6,-1,Product
CUST_00230,2025-12-01,9,44,Features
CUST_00231,2025-09-01,7,25,Product
CUST_00232,2024-05-01,6,-6,Product
CUST_00232,2024-08-01,10,43,Product
CUST_00237,2024-11-01,8,25,Product
CUST_00238,2025-09-01,9,37,Features
CUST_00240,2025-11-01,7,13,Support
CUST_00241,2025-12-01,5,7,Product
CUST_00255,2025-09-01,6,-4,Support
CUST_00259,2025-02-01,6,11,Support
CUST_00260,2025-11-01,7,19,Support
CUST_00268,2025-06-01,8,31,Product
CUST_00270,2025-10-01,8,46,Product
CUST_00274,2025-06-01,6,1,Product
CUST_00275,2025-05-01,9,43,Product
CUST_00281,2025-07-01,9,62,Integration
CUST_00283,2025-08-01,6,5,Support
CUST_00292,2025-11-01,9,36,Product
CUST_00294,2024-05-01,7,11,Product
CUST_00301,2025-03-01,8,11,Features
CUST_00305,2025-12-01,7,30,Features
CUST_00309,2025-11-01,5,-8,Support
CUST_00314,2024-05-01,7,28,Support
CUST_00319,2025-11-01,9,41,Product
CUST_00322,2025-01-01,7,24,Product
CUST_00322,2025-12-01,6,1,Product
CUST_00328,2024-10-01,4,-32,Pricing
CUST_00333,2025-03-01,7,25,Features
CUST_00334,2025-03-01,6,2,Features
CUST_00337,2025-08-01,8,21,Product
CUST_00344,2025-05-01,7,20,Support
CUST_00348,2024-11-01,6,-23,Features
CUST_00348,2025-11-01,5,-1,Support
CUST_00352,2025-05-01,7,24,Product
CUST_00353,2025-07-01,5,4,Features
CUST_00354,2025-05-01,8,40,Product
CUST_00356,2024-12-01,5,15,Product
CUST_00358,2025-01-01,6,16,Product
CUST_00359,2025-11-01,7,26,Product
CUST_00359,2024-11-01,6,2,Features
CUST_00363,2025-12-01,9,58,Features
CUST_00363,2025-03-01,9,73,Integration
CUST_00367,2025-05-01,7,28,Features
CUST_00367,2025-03-01,9,65,Integration
CUST_00372,2024-12-01,8,55,Product
CUST_00372,2025-08-01,9,52,Product
CUST_00375,2025-06-01,7,19,Product
CUST_00378,2025-11-01,7,26,Product
CUST_00387,2025-12-01,6,13,Product
CUST_00390,2025-09-01,9,41,Integration
CUST_00395,2025-02-01,7,40,Support
CUST_00395,2024-07-01,6,12,Support
CUST_00399,2025-08-01,6,2,Product
CUST_00402,2025-10-01,6,24,Product
CUST_00402,2025-09-01,6,-1,Support
CUST_00405,2025-05-01,7,5,Features
CUST_00409,2024-06-01,7,26,Product
CUST_00412,2025-05-01,8,28,Features
CUST_00412,2024-04-01,9,40,Product
CUST_00415,2025-11-01,8,36,Integration
CUST_00418,2025-08-01,6,1,Support
CUST_00419,2025-02-01,4,-21,Pricing
CUST_00427,2025-11-01,7,22,Features
CUST_00431,2025-10-01,6,38,Support
CUST_00434,2025-10-01,9,21,Features
CUST_00434,2024-08-01,9,26,Integration
CUST_00436,2024-06-01,9,37,Product
CUST_00436,2025-05-01,7,14,Features
CUST_00448,2024-09-01,10,36,Product
CUST_00452,2025-08-01,8,29,Product
CUST_00453,2025-12-01,6,20,Product
CUST_00454,2025-02-01,6,4,Features
CUST_00463,2025-10-01,5,4,Features
CUST_00465,2025-05-01,10,69,Features
CUST_00466,2025-04-01,10,49,Product
CUST_00467,2025-08-01,7,17,Features
CUST_00471,2025-10-01,7,20,Features
CUST_00474,2025-06-01,9,30,Product
CUST_00478,2025-06-01,7,37,Product
CUST_00478,2025-06-01,9,32,Features
CUST_00481,2025-12-01,10,42,Features
CUST_00483,2025-09-01,8,41,Product
CUST_00483,2025-10-01,7,30,Product
CUST_00486,2025-07-01,7,13,Features
CUST_00490,2024-08-01,7,25,Product
CUST_00491,2025-11-01,8,25,Features
CUST_00496,2025-12-01,7,25,Support
CUST_00501,2024-02-01,7,23,Product
CUST_00504,2025-10-01,7,-7,Product
CUST_00505,2025-09-01,6,-1,Product
CUST_00507,2025-11-01,7,9,Support
CUST_00508,2025-11-01,10,64,Product
CUST_00508,2025-11-01,5,15,Product
CUST_00513,2025-06-01,6,-1,Features
CUST_00516,2024-07-01,8,40,Features
CUST_00521,2025-12-01,6,4,Product
CUST_00523,2025-09-01,7,18,Features
CUST_00526,2025-05-01,5,1,Support
CUST_00533,2024-11-01,6,1,Product
CUST_00537,2025-01-01,7,12,Support
CUST_00546,2025-12-01,8,33,Product
CUST_00549,2024-05-01,8,33,Features
CUST_00550,2024-08-01,9,51,Features
CUST_00553,2024-12-01,5,17,Product
CUST_00563,2024-07-01,8,44,Product
CUST_00563,2024-06-01,8,15,Integration
CUST_00574,2025-11-01,7,16,Product
CUST_00574,2025-08-01,6,8,Support
CUST_00584,2025-09-01,6,30,Product
CUST_00587,2025-10-01,8,30,Product
CUST_00590,2025-10-01,8,17,Features
CUST_00591,2025-09-01,6,1,Features
CUST_00598,2025-07-01,7,21,Product
CUST_00601,2025-03-01,6,17,Support
CUST_00604,2025-09-01,6,6,Features
CUST_00605,2024-09-01,8,38,Features
CUST_00606,2025-01-01,7,18,Support
CUST_00612,2025-02-01,9,47,Features
CUST_00617,2025-12-01,7,2,Features
CUST_00630,2024-10-01,7,17,Features
CUST_00631,2025-09-01,7,11,Features
CUST_00632,2025-04-01,9,39,Product
CUST_00636,2025-12-01,6,9,Features
CUST_00641,2025-10-01,6,8,Support
CUST_00645,2024-12-01,5,-16,Product
CUST_00646,2025-06-01,8,62,Integration
CUST_00650,2025-01-01,8,14,Product
CUST_00650,2025-12-01,6,16,Product
CUST_00651,2025-10-01,10,53,Features
CUST_00654,2025-10-01,5,5,Features
CUST_00657,2024-12-01,6,-7,Support
CUST_00658,2025-05-01,9,37,Product
CUST_00663,2025-11-01,8,25,Product
CUST_00667,2024-09-01,9,30,Product
CUST_00673,2025-09-01,7,33,Support
CUST_00675,2025-09-01,6,19,Product
CUST_00678,2024-10-01,7,19,Features
CUST_00683,2025-03-01,9,28,Product
CUST_00688,2025-10-01,9,34,Product
CUST_00690,2025-05-01,6,0,Features
CUST_00693,2025-06-01,9,31,Product
CUST_00698,2024-12-01,6,25,Product
CUST_00698,2025-03-01,7,19,Product
CUST_00699,2025-10-01,5,-13,Support
CUST_00701,2024-12-01,4,-18,Support
CUST_00706,2025-01-01,6,25,Product
CUST_00709,2025-01-01,5,-26,Product
CUST_00710,2024-12-01,8,25,Product
CUST_00711,2025-05-01,7,5,Product
CUST_00713,2025-04-01,7,9,Features
CUST_00714,2025-04-01,5,7,Product
CUST_00717,2025-07-01,4,-10,Pricing
CUST_00717,2025-12-01,7,21,Support
CUST_00719,2024-09-01,8,12,Product
CUST_00721,2025-05-01,7,26,Features
CUST_00725,2024-04-01,8,26,Features
CUST_00731,2025-08-01,6,-6,Features
CUST_00737,2025-09-01,7,12,Features
CUST_00738,2024-11-01,9,40,Product
CUST_00742,2025-05-01,8,28,Features
CUST_00750,2025-11-01,9,45,Product
CUST_00758,2024-10-01,9,61,Product
CUST_00766,2025-09-01,9,37,Features
CUST_00767,2025-09-01,5,15,Support
CUST_00768,2024-09-01,9,34,Integration
CUST_00768,2025-11-01,7,21,Product
CUST_00778,2025-05-01,6,17,Product
CUST_00780,2025-10-01,8,32,Integration
CUST_00783,2024-06-01,6,-1,Features
CUST_00783,2024-06-01,6,21,Support
CUST_00787,2024-07-01,8,18,Integration
CUST_00788,2024-09-01,6,27,Support
CUST_00812,2025-07-01,9,47,Product
CUST_00813,2025-03-01,7,31,Product
CUST_00826,2025-12-01,8,23,Integration
CUST_00828,2025-04-01,7,22,Support
CUST_00833,2025-02-01,5,-2,Features
CUST_00835,2025-02-01,9,30,Product
CUST_00838,2025-11-01,5,16,Features
CUST_00849,2025-04-01,8,44,Product
CUST_00855,2024-11-01,6,9,Features
CUST_00865,2025-07-01,8,53,Integration
CUST_00866,2025-06-01,6,30,Product
CUST_00869,2025-12-01,10,56,Integration
CUST_00870,2025-01-01,7,26,Product
CUST_00881,2025-11-01,7,1,Product
CUST_00882,2024-05-01,6,1,Features
CUST_00893,2024-06-01,7,13,Product
CUST_00893,2025-12-01,8,48,Product
CUST_00893,2024-04-01,8,15,Product
CUST_00893,2024-07-01,7,31,Features
CUST_00902,2025-12-01,6,7,Features
CUST_00902,2025-12-01,7,29,Product
CUST_00911,2025-10-01,6,12,Features
CUST_00914,2025-10-01,8,46,Product
CUST_00916,2025-02-01,8,20,Product
CUST_00934,2025-01-01,7,28,Support
CUST_00938,2025-11-01,7,20,Features
CUST_00938,2025-04-01,7,26,Product
CUST_00940,2025-07-01,9,39,Features
CUST_00953,2025-10-01,7,25,Product
CUST_00954,2025-08-01,6,5,Features
CUST_00955,2025-12-01,6,13,Support
CUST_00956,2025-09-01,7,17,Product
CUST_00956,2025-09-01,6,-2,Product
CUST_00961,2024-12-01,8,7,Product
CUST_00962,2025-12-01,8,21,Product
CUST_00962,2024-08-01,9,38,Integration
CUST_00972,2025-09-01,6,6,Product
CUST_00972,2025-01-01,8,30,Features
CUST_00976,2025-10-01,7,16,Product
CUST_00980,2025-03-01,7,27,Product
CUST_00984,2025-12-01,7,22,Product
CUST_00985,2025-10-01,6,3,Product
CUST_00986,2025-01-01,6,4,Support
CUST_00987,2025-06-01,6,8,Support
CUST_00989,2025-08-01,8,29,Integration
CUST_00990,2024-11-01,9,41,Product
CUST_00991,2025-04-01,6,19,Support
CUST_00991,2025-11-01,9,30,Features
CUST_00996,2024-07-01,8,42,Features
CUST_00999,2025-10-01,5,-5,Product
CUST_01004,2025-09-01,8,36,Features
CUST_01005,2025-09-01,6,6,Product
CUST_01006,2025-11-01,8,24,Product
CUST_01013,2025-10-01,7,-3,Support
CUST_01018,2024-10-01,6,3,Support
CUST_01018,2024-11-01,7,30,Features
CUST_01018,2025-11-01,7,22,Features
CUST_01041,2024-10-01,9,37,Product
CUST_01043,2025-10-01,7,-2,Product
CUST_01048,2025-07-01,7,17,Product
CUST_01049,2025-03-01,9,22,Product
CUST_01051,2025-09-01,8,18,Product
CUST_01051,2024-12-01,8,26,Features
CUST_01052,2025-10-01,5,2,Features
CUST_01053,2025-01-01,6,13,Product
CUST_01054,2025-08-01,9,46,Product
CUST_01056,2025-04-01,7,10,Support
CUST_01056,2024-11-01,5,2,Support
CUST_01064,2024-07-01,6,25,Product
CUST_01065,2024-07-01,7,18,Product
CUST_01067,2025-04-01,3,-33,Support
CUST_01078,2025-07-01,8,12,Features
CUST_01086,2025-09-01,8,19,Features
CUST_01090,2025-12-01,6,-22,Product
CUST_01113,2025-11-01,8,16,Integration
CUST_01113,2025-04-01,9,33,Features
CUST_01116,2025-12-01,8,35,Product
CUST_01125,2025-06-01,10,49,Features
CUST_01130,2025-12-01,5,7,Features
CUST_01131,2025-07-01,8,26,Features
CUST_01132,2025-11-01,6,-9,Features
CUST_01137,2025-01-01,7,11,Support
CUST_01142,2025-01-01,6,-14,Features
CUST_01149,2025-06-01,8,-1,Product
CUST_01149,2024-06-01,7,5,Support
CUST_01153,2025-10-01,6,17,Product
CUST_01157,2024-08-01,6,-1,Features
CUST_01166,2025-01-01,8,34,Product
CUST_01167,2025-11-01,4,-24,Product
CUST_01169,2025-02-01,7,28,Features
CUST_01178,2025-11-01,6,3,Features
CUST_01182,2025-12-01,6,14,Features
CUST_01189,2025-09-01,8,25,Features
CUST_01193,2024-10-01,5,-9,Product
CUST_01195,2025-06-01,5,-2,Support
CUST_01198,2025-06-01,7,22,Product
CUST_01198,2025-09-01,6,8,Support
CUST_01207,2025-05-01,7,23,Product
CUST_01207,2025-09-01,5,12,Features
CUST_01212,2025-10-01,7,22,Product
CUST_01215,2024-11-01,8,40,Product
CUST_01219,2025-12-01,5,-6,Support
CUST_01221,2025-08-01,9,26,Product
CUST_01222,2025-06-01,8,14,Product
CUST_01225,2025-06-01,7,25,Features
CUST_01225,2025-04-01,8,37,Product
CUST_01225,2025-05-01,8,50,Product
CUST_01226,2025-06-01,9,55,Product
CUST_01231,2025-11-01,7,13,Support
CUST_01231,2024-11-01,6,22,Features
CUST_01234,2025-07-01,8,33,Product
CUST_01234,2025-06-01,8,36,Product
CUST_01235,2025-09-01,9,10,Product
CUST_01243,2025-05-01,8,34,Features
CUST_01249,2025-11-01,8,35,Integration
CUST_01258,2025-03-01,8,20,Product
CUST_01258,2025-01-01,9,23,Product
CUST_01261,2025-09-01,8,33,Product
CUST_01266,2024-08-01,6,10,Product
CUST_01266,2025-04-01,8,38,Features
CUST_01271,2024-07-01,7,23,Product
CUST_01275,2025-11-01,9,60,Integration
CUST_01276,2025-09-01,7,2,Product
CUST_01279,2025-10-01,7,7,Product
CUST_01282,2025-11-01,9,62,Product
CUST_01288,2025-05-01,10,66,Product
CUST_01291,2025-03-01,8,35,Integration
CUST_01294,2025-10-01,7,21,Support
CUST_01300,2024-04-01,9,30,Product
CUST_01300,2025-12-01,7,15,Product
CUST_01302,2024-12-01,7,15,Product
CUST_01306,2025-12-01,7,11,Features
CUST_01312,2025-09-01,8,6,Features
CUST_01312,2025-05-01,8,51,Features
CUST_01312,2025-01-01,7,9,Product
CUST_01314,2025-07-01,9,27,Features
CUST_01319,2025-06-01,7,26,Features
CUST_01321,2025-08-01,9,32,Integration
CUST_01324,2025-12-01,8,36,Product
CUST_01329,2025-07-01,7,8,Product
CUST_01331,2025-01-01,9,38,Product
CUST_01335,2025-09-01,8,4,Product
CUST_01336,2025-12-01,5,0,Product
CUST_01337,2025-02-01,6,27,Support
CUST_01345,2025-08-01,7,21,Features
CUST_01350,2024-06-01,6,5,Product
CUST_01355,2024-11-01,7,32,Support
CUST_01356,2025-04-01,5,-10,Product
CUST_01360,2025-08-01,7,25,Support
CUST_01364,2025-03-01,5,-9,Features
CUST_01366,2025-09-01,6,12,Support
CUST_01372,2025-01-01,9,25,Product
CUST_01375,2025-07-01,8,32,Integration
CUST_01386,2025-03-01,6,-1,Product
CUST_01386,2025-08-01,7,17,Features
CUST_01387,2025-10-01,5,11,Support
CUST_01393,2025-06-01,6,6,Product
CUST_01405,2025-03-01,8,37,Product
CUST_01407,2025-09-01,9,51,Product
CUST_01419,2025-03-01,7,24,Support
CUST_01440,2024-07-01,7,7,Features
CUST_01442,2024-08-01,8,26,Features
CUST_01442,2025-06-01,7,28,Product
CUST_01464,2024-09-01,8,7,Product
CUST_01466,2025-08-01,7,19,Product
CUST_01467,2025-05-01,5,-7,Features
CUST_01471,2025-05-01,6,0,Product
CUST_01474,2024-09-01,8,29,Product
CUST_01475,2025-12-01,4,-9,Support
CUST_01478,2025-10-01,9,33,Product
CUST_01481,2025-04-01,6,22,Support
CUST_01481,2025-10-01,8,33,Integration
CUST_01489,2025-04-01,9,30,Integration
CUST_01493,2025-05-01,6,-9,Features
CUST_01494,2025-08-01,8,32,Product
CUST_01502,2024-02-01,6,8,Features
CUST_01502,2025-12-01,8,31,Integration
CUST_01515,2024-08-01,7,9,Features
CUST_01520,2025-03-01,6,-1,Features
CUST_01523,2025-07-01,6,11,Product
CUST_01524,2025-01-01,8,25,Product
CUST_01530,2024-03-01,6,-9,Support
CUST_01530,2024-05-01,7,32,Product
CUST_01531,2025-10-01,7,37,Support
CUST_01535,2025-01-01,6,3,Product
CUST_01541,2024-08-01,7,-2,Product
CUST_01542,2025-07-01,8,16,Features
CUST_01544,2025-11-01,9,16,Integration
CUST_01545,2025-06-01,7,35,Product
CUST_01547,2025-07-01,8,11,Product
CUST_01548,2025-06-01,7,29,Product
CUST_01558,2025-06-01,4,-11,Product
CUST_01559,2025-05-01,8,40,Product
CUST_01563,2025-08-01,7,36,Features
CUST_01566,2025-09-01,8,46,Product
CUST_01575,2025-11-01,8,32,Product
CUST_01575,2025-11-01,8,29,Product
CUST_01580,2025-10-01,7,20,Features
CUST_01589,2025-09-01,10,38,Product
CUST_01590,2025-01-01,8,25,Product
CUST_01601,2025-10-01,7,38,Support
CUST_01604,2025-05-01,5,6,Product
CUST_01606,2025-09-01,8,32,Features
CUST_01607,2025-09-01,8,35,Features
CUST_01610,2025-10-01,6,1,Features
CUST_01613,2025-09-01,5,-9,Product
CUST_01619,2025-04-01,5,19,Support
CUST_01620,2024-10-01,6,7,Features
CUST_01621,2025-08-01,9,42,Integration
CUST_01623,2024-09-01,6,7,Product
CUST_01625,2025-04-01,7,-5,Features
CUST_01627,2025-08-01,7,15,Product
CUST_01643,2024-11-01,6,21,Features
CUST_01648,2025-05-01,10,46,Product
CUST_01658,2025-07-01,6,37,Support
CUST_01673,2025-10-01,9,32,Features
CUST_01677,2025-08-01,9,38,Product
CUST_01680,2025-07-01,7,25,Product
CUST_01686,2025-02-01,6,14,Product
CUST_01689,2024-08-01,8,28,Features
CUST_01692,2024-11-01,5,0,Product
CUST_01692,2025-04-01,6,-8,Features
CUST_01694,2025-05-01,6,13,Product
CUST_01696,2025-01-01,8,32,Product
CUST_01702,2025-10-01,7,9,Product
CUST_01704,2025-08-01,10,34,Product
CUST_01705,2024-11-01,5,-23,Product
CUST_01710,2024-06-01,9,34,Features
CUST_01714,2025-06-01,8,26,Features
CUST_01717,2025-05-01,8,33,Integration
CUST_01719,2025-05-01,7,40,Support
CUST_01727,2025-11-01,8,63,Product
CUST_01736,2024-12-01,9,56,Product
CUST_01738,2025-01-01,8,23,Features
CUST_01741,2025-07-01,5,30,Support
CUST_01742,2025-08-01,6,16,Product
CUST_01744,2025-03-01,8,24,Product
CUST_01744,2025-09-01,7,9,Product
CUST_01745,2025-10-01,6,13,Support
CUST_01746,2025-06-01,8,34,Product
CUST_01749,2025-09-01,6,27,Product
CUST_01754,2024-09-01,8,21,Product
CUST_01758,2024-11-01,7,18,Support
CUST_01758,2024-12-01,6,1,Support
CUST_01761,2025-01-01,8,21,Features
CUST_01766,2025-08-01,9,11,Features
CUST_01771,2024-07-01,8,19,Integration
CUST_01777,2025-01-01,8,0,Product
CUST_01783,2025-06-01,6,14,Support
CUST_01786,2024-10-01,5,-11,Support
CUST_01786,2024-05-01,6,1,Product
CUST_01789,2024-07-01,6,-5,Product
CUST_01789,2025-11-01,6,8,Features
CUST_01792,2025-07-01,9,25,Product
CUST_01793,2025-05-01,7,24,Features
CUST_01807,2025-10-01,5,-20,Features
CUST_01807,2025-04-01,7,3,Features
CUST_01810,2025-09-01,7,-6,Product
CUST_01814,2025-06-01,8,18,Product
CUST_01814,2025-03-01,8,47,Integration
CUST_01815,2024-11-01,7,21,Product
CUST_01817,2024-03-01,7,26,Features
CUST_01820,2025-02-01,9,35,Product
CUST_01830,2025-10-01,7,3,Support
CUST_01830,2025-05-01,7,27,Features
CUST_01830,2025-01-01,9,28,Features
CUST_01833,2025-11-01,8,46,Product
CUST_01836,2025-07-01,6,20,Features
CUST_01837,2025-05-01,7,24,Product
CUST_01839,2025-05-01,7,0,Features
CUST_01839,2025-10-01,6,15,Product
CUST_01840,2025-06-01,7,28,Features
CUST_01844,2025-11-01,8,20,Product
CUST_01848,2024-06-01,10,41,Product
CUST_01849,2025-02-01,6,-4,Support
CUST_01849,2025-03-01,8,49,Features
CUST_01851,2024-11-01,5,-9,Features
CUST_01853,2024-11-01,6,6,Product
CUST_01854,2025-09-01,6,0,Features
CUST_01854,2025-12-01,9,34,Product
CUST_01858,2025-02-01,6,24,Support
CUST_01861,2025-12-01,8,23,Product
CUST_01864,2025-11-01,6,-4,Features
CUST_01865,2025-06-01,7,3,Product
CUST_01867,2025-03-01,6,25,Features
CUST_01871,2025-03-01,8,31,Product
CUST_01872,2025-04-01,8,22,Integration
CUST_01872,2025-03-01,5,-20,Support
CUST_01877,2025-05-01,6,27,Support
CUST_01880,2025-09-01,7,25,Product
CUST_01884,2025-01-01,7,-2,Support
CUST_01888,2024-10-01,7,31,Support
CUST_01890,2025-06-01,9,16,Product
CUST_01899,2025-04-01,9,50,Product
CUST_01899,2025-06-01,9,38,Features
CUST_01901,2025-01-01,8,26,Features
CUST_01906,2024-09-01,9,21,Features
CUST_01906,2025-10-01,7,6,Features
CUST_01907,2025-11-01,6,7,Features
CUST_01909,2025-06-01,8,55,Product
CUST_01909,2025-01-01,8,40,Product
CUST_01911,2025-01-01,9,12,Features
CUST_01911,2025-12-01,7,25,Product
CUST_01921,2024-09-01,7,18,Product
CUST_01921,2025-02-01,6,27,Product
CUST_01922,2025-12-01,6,19,Features
CUST_01923,2025-05-01,8,15,Features
CUST_01924,2024-04-01,8,-1,Integration
CUST_01924,2024-12-01,8,48,Product
CUST_01937,2025-07-01,7,29,Support
CUST_01938,2025-12-01,7,30,Features
CUST_01941,2025-09-01,7,24,Product
CUST_01946,2025-09-01,7,-22,Support
CUST_01949,2024-10-01,8,20,Product
CUST_01953,2025-09-01,9,59,Features
CUST_01958,2025-03-01,7,29,Support
CUST_01958,2025-02-01,6,9,Product
CUST_01959,2025-05-01,7,22,Features
CUST_01965,2025-03-01,6,12,Support
CUST_01966,2025-10-01,6,-6,Features
CUST_01979,2025-04-01,9,33,Integration
CUST_01982,2024-12-01,7,11,Features
CUST_01982,2025-06-01,7,32,Product
CUST_01985,2025-07-01,8,17,Product
CUST_01985,2025-04-01,7,17,Product
CUST_01991,2024-08-01,7,29,Product
CUST_01991,2025-07-01,9,53,Product
CUST_01997,2025-09-01,6,7,Product
CUST_01999,2025-10-01,7,34,Support
CUST_02001,2024-11-01,7,41,Product
CUST_02012,2025-07-01,8,18,Integration
CUST_02013,2025-10-01,8,33,Product
CUST_02014,2024-05-01,7,15,Features
CUST_02014,2025-11-01,8,36,Product
CUST_02016,2025-10-01,8,36,Product
CUST_02018,2024-09-01,7,16,Product
CUST_02020,2025-09-01,10,51,Features
CUST_02023,2025-10-01,6,11,Support
CUST_02023,2025-11-01,5,11,Features
CUST_02024,2025-04-01,6,-7,Product
CUST_02025,2025-06-01,8,51,Features
CUST_02025,2025-12-01,6,14,Features
CUST_02038,2024-12-01,8,37,Product
CUST_02040,2025-09-01,7,33,Product
CUST_02040,2025-07-01,5,-11,Features
CUST_02040,2025-09-01,8,8,Features
CUST_02043,2025-07-01,6,-1,Features
CUST_02050,2024-05-01,8,10,Features
CUST_02052,2025-05-01,7,27,Product
CUST_02053,2025-06-01,7,27,Features
CUST_02055,2025-10-01,7,43,Product
CUST_02055,2025-09-01,10,42,Product
CUST_02060,2025-12-01,8,36,Integration
CUST_02065,2025-11-01,6,13,Features
CUST_02068,2025-11-01,7,15,Support
CUST_02070,2024-11-01,6,21,Features
CUST_02072,2025-11-01,6,11,Features
CUST_02077,2025-12-01,6,39,Support
CUST_02078,2025-11-01,6,7,Support
CUST_02078,2025-03-01,7,40,Features
CUST_02083,2025-07-01,8,15,Product
CUST_02085,2024-10-01,8,27,Product
CUST_02103,2024-11-01,8,26,Features
CUST_02109,2024-11-01,7,18,Support
CUST_02113,2025-04-01,6,0,Features
CUST_02115,2025-10-01,10,40,Product
CUST_02118,2025-11-01,7,36,Support
CUST_02119,2025-10-01,7,9,Product
CUST_02121,2025-07-01,9,37,Features
CUST_02125,2025-05-01,6,-12,Support
CUST_02126,2025-12-01,5,11,Features
CUST_02127,2025-04-01,7,8,Features
CUST_02132,2025-09-01,9,44,Product
CUST_02136,2024-04-01,8,28,Integration
CUST_02144,2025-08-01,6,8,Features
CUST_02144,2024-05-01,8,39,Product
CUST_02148,2025-11-01,6,37,Features
CUST_02152,2025-10-01,8,30,Integration
CUST_02159,2025-09-01,6,22,Product
CUST_02171,2024-10-01,8,29,Product
CUST_02180,2025-01-01,8,17,Features
CUST_02185,2025-11-01,5,16,Features
CUST_02190,2025-03-01,7,37,Support
CUST_02191,2025-03-01,7,15,Support
CUST_02191,2025-12-01,7,21,Features
CUST_02192,2025-01-01,7,30,Support
CUST_02194,2024-11-01,8,59,Product
CUST_02200,2025-08-01,8,27,Integration
CUST_02204,2024-10-01,8,38,Product
CUST_02205,2025-08-01,7,18,Product
CUST_02212,2025-01-01,8,37,Product
CUST_02216,2025-11-01,5,0,Support
CUST_02222,2025-09-01,6,28,Support
CUST_02223,2025-12-01,6,-1,Support
CUST_02226,2025-11-01,8,29,Product
CUST_02233,2025-02-01,9,38,Features
CUST_02236,2025-08-01,7,27,Features
CUST_02244,2025-05-01,7,15,Support
CUST_02245,2024-10-01,8,22,Features
CUST_02245,2025-04-01,9,44,Product
CUST_02248,2025-03-01,8,17,Features
CUST_02248,2025-10-01,10,54,Features
CUST_02249,2024-12-01,7,25,Product
CUST_02252,2025-09-01,7,27,Features
CUST_02253,2025-09-01,7,15,Product
CUST_02258,2025-03-01,7,27,Product
CUST_02263,2024-09-01,5,8,Product
CUST_02265,2025-12-01,7,20,Support
CUST_02271,2025-06-01,7,16,Features
CUST_02282,2025-08-01,7,8,Features
CUST_02295,2025-04-01,8,37,Features
CUST_02297,2025-11-01,5,-21,Features
CUST_02299,2024-10-01,6,15,Product
CUST_02301,2025-06-01,6,0,Product
CUST_02309,2025-04-01,7,38,Support
CUST_02309,2025-08-01,6,-6,Features
CUST_02310,2025-04-01,6,15,Features
CUST_02317,2025-08-01,8,33,Product
CUST_02318,2025-04-01,8,23,Product
CUST_02324,2024-12-01,5,0,Product
CUST_02326,2025-11-01,8,25,Product
CUST_02330,2024-10-01,8,29,Product
CUST_02332,2025-07-01,5,18,Features
CUST_02334,2025-05-01,6,6,Product
CUST_02343,2024-11-01,9,49,Product
CUST_02351,2025-10-01,7,15,Support
CUST_02351,2024-12-01,7,22,Product
CUST_02354,2025-01-01,8,17,Product
CUST_02359,2025-11-01,10,65,Features
CUST_02370,2025-08-01,7,32,Features
CUST_02371,2025-12-01,6,11,Support
CUST_02372,2025-12-01,8,41,Integration
CUST_02380,2025-10-01,7,6,Features
CUST_02381,2025-08-01,8,39,Product
CUST_02382,2025-10-01,9,47,Product
CUST_02382,2024-11-01,7,25,Product
CUST_02393,2025-02-01,8,31,Product
CUST_02393,2025-07-01,7,13,Features
CUST_02393,2025-05-01,6,-4,Support
CUST_02394,2025-02-01,5,-6,Support
CUST_02396,2025-01-01,8,32,Features
CUST_02399,2025-07-01,8,23,Features
CUST_02405,2025-06-01,6,-11,Product
CUST_02408,2025-11-01,5,8,Support
CUST_02410,2025-06-01,5,3,Features
CUST_02424,2025-08-01,5,-11,Support
CUST_02429,2025-04-01,8,20,Integration
CUST_02430,2025-05-01,8,36,Features
CUST_02430,2025-11-01,7,36,Product
CUST_02437,2025-01-01,5,-21,Product
CUST_02441,2025-07-01,8,29,Integration
CUST_02447,2024-12-01,9,32,Product
CUST_02450,2025-06-01,7,10,Support
CUST_02450,2024-12-01,7,31,Product
CUST_02454,2025-02-01,8,34,Features
CUST_02455,2024-04-01,10,57,Features
CUST_02460,2024-12-01,10,64,Product
CUST_02464,2025-05-01,6,24,Product
CUST_02468,2025-01-01,10,48,Integration
CUST_02468,2025-11-01,5,-4,Support
CUST_02472,2025-03-01,4,10,Pricing
CUST_02476,2025-05-01,7,27,Features
CUST_02476,2025-07-01,4,-7,Pricing
CUST_02477,2025-09-01,7,25,Features
CUST_02487,2025-08-01,6,5,Product
CUST_02493,2024-11-01,6,9,Features
CUST_02494,2025-12-01,4,-28,Pricing
CUST_02504,2025-09-01,8,20,Features
CUST_02505,2025-07-01,7,21,Support
CUST_02507,2025-05-01,9,42,Product
CUST_02507,2025-05-01,5,-17,Support
CUST_02509,2024-10-01,6,-6,Product
CUST_02511,2024-09-01,7,29,Features
CUST_02513,2025-09-01,6,10,Support
CUST_02518,2025-09-01,8,38,Product
CUST_02519,2025-09-01,6,4,Product
CUST_02525,2025-11-01,6,-9,Features
CUST_02527,2025-06-01,7,18,Product
CUST_02535,2025-11-01,8,31,Integration
CUST_02536,2025-10-01,8,31,Features
CUST_02545,2025-04-01,5,5,Support
CUST_02545,2025-07-01,7,34,Support
CUST_02546,2025-11-01,7,16,Product
CUST_02546,2025-02-01,7,39,Support
CUST_02552,2025-09-01,6,10,Product
CUST_02553,2025-05-01,8,26,Features
CUST_02553,2025-06-01,7,38,Features
CUST_02557,2024-05-01,7,4,Features
CUST_02557,2025-10-01,8,3,Features
CUST_02558,2025-03-01,6,0,Features
CUST_02561,2025-06-01,9,43,Integration
CUST_02565,2024-12-01,7,5,Features
CUST_02568,2025-10-01,8,43,Features
CUST_02571,2025-10-01,5,4,Product
CUST_02571,2025-01-01,6,19,Features
CUST_02573,2025-04-01,7,46,Features
CUST_02577,2025-09-01,8,32,Integration
CUST_02578,2025-12-01,7,5,Product
CUST_02579,2025-06-01,8,29,Features
CUST_02580,2025-10-01,8,35,Features
CUST_02580,2025-03-01,6,19,Product
CUST_02584,2024-08-01,9,60,Product
CUST_02598,2024-07-01,7,22,Product
CUST_02601,2025-11-01,9,48,Integration
CUST_02602,2025-03-01,6,4,Support
CUST_02603,2025-09-01,5,-2,Product
CUST_02606,2025-06-01,5,-5,Product
CUST_02607,2024-05-01,8,23,Product
CUST_02609,2025-05-01,6,7,Features
CUST_02614,2025-04-01,8,31,Product
CUST_02615,2024-12-01,4,-17,Product
CUST_02623,2025-01-01,9,31,Product
CUST_02625,2025-04-01,9,51,Features
CUST_02625,2024-05-01,9,36,Features
CUST_02635,2025-01-01,8,15,Product
CUST_02636,2025-12-01,5,7,Features
CUST_02638,2025-09-01,9,41,Product
CUST_02640,2024-12-01,7,48,Features
CUST_02641,2025-05-01,7,4,Product
CUST_02644,2025-07-01,7,9,Product
CUST_02646,2024-12-01,7,13,Features
CUST_02653,2025-03-01,7,-6,Product
CUST_02659,2024-06-01,8,19,Features
CUST_02661,2025-11-01,9,37,Features
CUST_02667,2025-03-01,8,13,Integration
CUST_02671,2025-05-01,5,6,Support
CUST_02674,2025-04-01,9,28,Product
CUST_02675,2024-10-01,6,-1,Support
CUST_02682,2025-11-01,7,10,Product
CUST_02685,2025-08-01,7,16,Features
CUST_02691,2025-03-01,10,55,Product
CUST_02692,2025-01-01,7,17,Features
CUST_02695,2025-08-01,7,26,Product
CUST_02700,2025-08-01,4,-30,Pricing
CUST_02711,2025-10-01,6,2,Support
CUST_02711,2025-11-01,6,6,Features
CUST_02712,2025-04-01,8,39,Integration
CUST_02719,2025-12-01,6,7,Features
CUST_02720,2025-09-01,7,1,Product
CUST_02726,2025-09-01,8,55,Features
CUST_02727,2025-03-01,7,17,Support
CUST_02728,2024-08-01,5,4,Features
CUST_02728,2025-09-01,8,25,Features
CUST_02731,2024-09-01,6,-18,Features
CUST_02734,2025-06-01,7,9,Features
CUST_02738,2025-07-01,6,6,Product
CUST_02748,2025-02-01,8,23,Product
CUST_02750,2025-01-01,6,21,Product
CUST_02755,2024-11-01,7,28,Product
CUST_02755,2025-10-01,7,6,Features
CUST_02758,2025-10-01,6,24,Product
CUST_02768,2025-05-01,7,22,Features
CUST_02780,2024-10-01,6,26,Support
CUST_02794,2025-12-01,8,26,Features
CUST_02799,2025-09-01,9,34,Product
CUST_02800,2025-10-01,8,46,Product
CUST_02800,2025-04-01,7,27,Support
CUST_02807,2024-08-01,6,-2,Support
CUST_02809,2025-06-01,7,22,Features
CUST_02817,2025-08-01,9,16,Product
CUST_02818,2024-07-01,8,17,Integration
CUST_02819,2025-06-01,7,27,Product
CUST_02826,2025-08-01,7,21,Product
CUST_02831,2025-10-01,6,22,Product
CUST_02844,2025-01-01,10,66,Features
CUST_02846,2024-11-01,9,40,Product
CUST_02848,2024-08-01,8,8,Integration
CUST_02851,2024-10-01,7,45,Product
CUST_02854,2025-05-01,6,14,Product
CUST_02859,2025-12-01,10,54,Product
CUST_02859,2025-11-01,7,-3,Features
CUST_02862,2025-10-01,7,5,Support
CUST_02865,2024-12-01,5,-13,Product
CUST_02870,2025-09-01,10,51,Product
CUST_02879,2025-08-01,8,34,Features
CUST_02881,2024-07-01,7,9,Features
CUST_02883,2025-07-01,6,-2,Features
CUST_02887,2025-08-01,8,29,Features
CUST_02898,2025-08-01,5,-13,Support
CUST_02902,2025-11-01,7,29,Product
CUST_02903,2025-05-01,7,17,Product
CUST_02907,2025-09-01,8,48,Product
CUST_02909,2025-12-01,9,49,Integration
CUST_02916,2025-08-01,5,22,Features
CUST_02917,2024-03-01,8,35,Integration
CUST_02918,2024-11-01,7,5,Features
CUST_02919,2025-02-01,8,30,Product
CUST_02923,2024-09-01,6,23,Features
CUST_02929,2025-07-01,7,15,Features
CUST_02930,2025-11-01,6,-5,Support
CUST_02933,2025-12-01,7,40,Support
CUST_02936,2025-01-01,8,19,Product
CUST_02936,2024-12-01,7,0,Product
CUST_02937,2025-10-01,7,28,Features
CUST_02953,2024-03-01,6,24,Product
CUST_02955,2025-12-01,8,29,Features
CUST_02974,2025-11-01,7,18,Product
CUST_02984,2025-06-01,8,33,Integration
CUST_02984,2025-06-01,6,3,Product
CUST_02987,2025-09-01,7,11,Support
CUST_02989,2024-09-01,9,43,Product
CUST_02992,2025-12-01,9,28,Product
CUST_02998,2024-09-01,6,8,Features
CUST_02999,2025-09-01,8,22,Product
CUST_03002,2025-12-01,7,24,Product
CUST_03008,2025-09-01,5,3,Features
CUST_03009,2025-04-01,7,22,Features
CUST_03013,2025-11-01,8,30,Product
CUST_03021,2025-08-01,6,33,Support
CUST_03023,2025-06-01,7,15,Features
CUST_03023,2025-08-01,9,22,Features
CUST_03032,2025-05-01,7,22,Features
CUST_03037,2025-02-01,8,63,Product
CUST_03039,2024-07-01,7,41,Product
CUST_03040,2024-07-01,8,28,Integration
CUST_03040,2024-08-01,7,31,Support
CUST_03041,2025-06-01,7,12,Support
CUST_03043,2025-12-01,7,19,Support
CUST_03047,2025-09-01,7,15,Product
CUST_03048,2025-07-01,6,7,Features
CUST_03052,2024-12-01,10,38,Integration
CUST_03059,2025-06-01,8,14,Features
CUST_03061,2025-07-01,9,45,Product
CUST_03067,2024-12-01,7,18,Support
CUST_03067,2025-09-01,7,30,Product
CUST_03070,2025-10-01,6,16,Features
CUST_03075,2025-10-01,9,59,Integration
CUST_03080,2024-09-01,7,44,Product
CUST_03080,2024-10-01,6,12,Product
CUST_03081,2025-12-01,4,-14,Product
CUST_03083,2025-04-01,7,21,Product
CUST_03084,2025-12-01,6,23,Product
CUST_03089,2025-07-01,8,40,Product
CUST_03091,2025-05-01,7,49,Product
CUST_03091,2025-12-01,7,12,Support
CUST_03092,2025-02-01,6,8,Product
CUST_03095,2025-03-01,6,24,Features
CUST_03096,2025-09-01,9,33,Features
CUST_03097,2024-10-01,5,7,Features
CUST_03103,2025-08-01,6,10,Product
CUST_03107,2025-09-01,8,38,Features
CUST_03119,2024-05-01,7,6,Support
CUST_03119,2025-08-01,8,35,Integration
CUST_03119,2025-09-01,9,34,Features
CUST_03123,2025-11-01,6,10,Features
CUST_03126,2024-11-01,8,45,Product
CUST_03126,2024-04-01,6,9,Support
CUST_03129,2025-06-01,6,1,Features
CUST_03129,2025-08-01,9,48,Product
CUST_03129,2025-10-01,8,18,Integration
CUST_03132,2024-11-01,8,50,Integration
CUST_03132,2024-04-01,7,7,Features
CUST_03138,2025-11-01,8,29,Product
CUST_03144,2025-11-01,6,-1,Features
CUST_03150,2025-04-01,8,49,Product
CUST_03152,2025-07-01,8,33,Product
CUST_03154,2025-06-01,7,25,Product
CUST_03155,2025-03-01,7,16,Product
CUST_03157,2025-02-01,8,42,Integration
CUST_03159,2025-06-01,9,6,Product
CUST_03163,2024-10-01,10,47,Integration
CUST_03164,2025-07-01,8,63,Product
CUST_03166,2025-12-01,6,18,Support
CUST_03167,2025-07-01,7,14,Features
CUST_03174,2025-09-01,8,43,Product
CUST_03180,2025-01-01,8,36,Product
CUST_03184,2025-04-01,6,14,Features
CUST_03184,2025-12-01,8,18,Features
CUST_03191,2025-12-01,7,28,Product
CUST_03194,2025-01-01,8,35,Features
CUST_03199,2025-08-01,8,27,Product
CUST_03203,2025-10-01,6,26,Features
CUST_03206,2025-03-01,7,7,Support
CUST_03207,2025-04-01,7,14,Product
CUST_03207,2025-09-01,8,3,Product
CUST_03211,2025-03-01,9,22,Integration
CUST_03211,2024-06-01,7,19,Features
CUST_03211,2024-07-01,6,5,Features
CUST_03211,2024-07-01,7,20,Product
CUST_03220,2025-11-01,9,45,Product
CUST_03225,2025-12-01,6,27,Features
CUST_03232,2025-09-01,8,35,Product
CUST_03235,2025-12-01,10,35,Integration
CUST_03241,2025-12-01,9,44,Integration
CUST_03241,2025-06-01,9,35,Product
CUST_03246,2024-12-01,5,-8,Features
CUST_03248,2025-09-01,8,25,Features
CUST_03259,2025-10-01,8,18,Product
CUST_03260,2025-09-01,9,24,Integration
CUST_03269,2024-07-01,7,29,Product
CUST_03272,2025-06-01,4,5,Pricing
CUST_03277,2025-12-01,5,-15,Support
CUST_03278,2024-05-01,6,27,Features
CUST_03280,2025-10-01,10,52,Features
CUST_03284,2024-11-01,8,24,Features
CUST_03287,2025-06-01,8,23,Features
CUST_03287,2024-12-01,5,-26,Product
CUST_03296,2024-12-01,8,24,Product
CUST_03296,2025-09-01,4,-18,Product
CUST_03298,2025-12-01,6,-5,Features
CUST_03302,2025-12-01,4,-12,Support
CUST_03304,2025-08-01,6,-11,Product
CUST_03311,2024-12-01,7,20,Support
CUST_03313,2025-12-01,8,41,Product
CUST_03314,2025-08-01,6,-4,Features
CUST_03316,2025-07-01,8,5,Features
CUST_03317,2025-10-01,9,41,Product
CUST_03319,2024-10-01,7,31,Features
CUST_03322,2025-11-01,7,13,Product
CUST_03324,2025-06-01,7,-7,Product
CUST_03324,2025-02-01,8,18,Product
CUST_03326,2024-09-01,8,30,Product
CUST_03343,2025-05-01,8,38,Features
CUST_03348,2024-12-01,9,55,Product
CUST_03348,2024-09-01,9,52,Product
CUST_03349,2024-11-01,7,13,Product
CUST_03351,2024-10-01,8,6,Features
CUST_03354,2025-10-01,8,30,Features
CUST_03356,2025-05-01,9,30,Product
CUST_03360,2025-08-01,8,35,Product
CUST_03364,2024-12-01,7,23,Features
CUST_03364,2024-05-01,7,20,Features
CUST_03379,2025-04-01,9,31,Product
CUST_03386,2024-04-01,5,28,Features
CUST_03390,2024-09-01,6,7,Product
CUST_03392,2025-12-01,7,25,Product
CUST_03395,2025-12-01,9,45,Product
CUST_03397,2025-08-01,7,20,Product
CUST_03398,2025-01-01,9,42,Features
CUST_03403,2025-04-01,8,46,Product
CUST_03405,2024-09-01,7,35,Features
CUST_03405,2024-07-01,6,4,Product
CUST_03406,2025-02-01,10,39,Product
CUST_03408,2024-12-01,7,42,Features
CUST_03422,2025-07-01,5,11,Features
CUST_03424,2025-08-01,8,37,Product
CUST_03428,2025-06-01,6,27,Features
CUST_03432,2024-03-01,8,30,Product
CUST_03435,2024-12-01,7,31,Product
CUST_03437,2025-06-01,7,23,Product
CUST_03437,2025-05-01,5,1,Support
CUST_03439,2025-06-01,8,52,Product
CUST_03441,2025-09-01,5,-4,Support
CUST_03450,2025-10-01,7,22,Product
CUST_03455,2025-06-01,8,7,Integration
CUST_03457,2025-10-01,6,-8,Product
CUST_03460,2025-12-01,6,15,Product
CUST_03462,2025-08-01,7,25,Product
CUST_03462,2025-12-01,9,40,Integration
CUST_03462,2025-10-01,6,9,Features
CUST_03486,2025-09-01,8,22,Product
CUST_03486,2025-11-01,8,29,Product
CUST_03490,2024-08-01,8,19,Integration
CUST_03505,2024-10-01,7,-2,Features
CUST_03509,2024-09-01,8,32,Features
CUST_03511,2025-12-01,9,37,Product
CUST_03512,2025-01-01,9,50,Product
CUST_03515,2025-08-01,6,-9,Product
CUST_03518,2025-04-01,8,37,Features
CUST_03521,2025-03-01,9,48,Product
CUST_03526,2025-11-01,7,16,Product
CUST_03529,2025-11-01,7,25,Support
CUST_03535,2025-03-01,5,19,Support
CUST_03537,2025-09-01,8,23,Features
CUST_03539,2025-12-01,10,29,Product
CUST_03540,2024-06-01,9,28,Features
CUST_03541,2025-05-01,7,20,Product
CUST_03544,2025-10-01,9,42,Integration
CUST_03544,2025-05-01,7,24,Product
CUST_03545,2025-06-01,8,43,Features
CUST_03545,2025-05-01,9,33,Features
CUST_03551,2025-03-01,5,14,Features
CUST_03557,2024-09-01,7,26,Features
CUST_03563,2025-08-01,7,29,Product
CUST_03567,2025-02-01,5,9,Product
CUST_03570,2025-05-01,6,4,Product
CUST_03574,2025-07-01,6,4,Product
CUST_03577,2025-11-01,7,35,Support
CUST_03584,2025-03-01,6,10,Features
CUST_03585,2024-11-01,8,27,Product
CUST_03586,2025-11-01,7,15,Product
CUST_03589,2025-11-01,10,69,Product
CUST_03594,2025-03-01,9,31,Features
CUST_03600,2025-02-01,8,28,Product
CUST_03602,2025-04-01,6,5,Support
CUST_03607,2024-07-01,8,49,Integration
CUST_03607,2024-08-01,7,31,Support
CUST_03609,2025-11-01,8,24,Features
CUST_03610,2025-08-01,7,24,Product
CUST_03625,2025-07-01,8,-4,Features
CUST_03627,2025-01-01,8,32,Integration
CUST_03627,2025-07-01,6,22,Support
CUST_03645,2024-11-01,7,23,Product
CUST_03646,2025-12-01,7,29,Support
CUST_03647,2025-10-01,7,4,Features
CUST_03650,2025-12-01,7,19,Features
CUST_03652,2024-07-01,7,18,Features
CUST_03656,2025-06-01,6,27,Features
CUST_03657,2025-01-01,6,9,Product
CUST_03670,2025-09-01,8,28,Product
CUST_03678,2025-06-01,5,-12,Product
CUST_03679,2025-07-01,3,-18,Pricing
CUST_03680,2025-12-01,8,44,Product
CUST_03682,2025-12-01,7,27,Support
CUST_03690,2025-08-01,8,24,Features
CUST_03693,2025-07-01,5,-6,Product
CUST_03702,2025-06-01,6,29,Product
CUST_03709,2025-08-01,8,23,Product
CUST_03715,2025-12-01,6,24,Features
CUST_03717,2024-08-01,9,33,Product
CUST_03718,2025-10-01,6,1,Product
CUST_03729,2025-11-01,8,25,Features
CUST_03729,2025-11-01,8,28,Features
CUST_03731,2025-10-01,9,46,Features
CUST_03734,2025-11-01,9,39,Integration
CUST_03736,2024-12-01,6,5,Product
CUST_03736,2025-08-01,4,-17,Pricing
CUST_03737,2025-10-01,9,25,Product
CUST_03738,2025-07-01,7,16,Support
CUST_03738,2024-10-01,8,40,Features
CUST_03740,2025-08-01,10,51,Features
CUST_03741,2025-12-01,6,18,Features
CUST_03742,2025-07-01,5,-8,Support
CUST_03745,2025-06-01,6,3,Support
CUST_03747,2024-10-01,8,17,Product
CUST_03757,2024-12-01,8,20,Product
CUST_03757,2025-09-01,9,40,Features
CUST_03758,2025-12-01,8,40,Features
CUST_03765,2025-12-01,6,-10,Support
CUST_03769,2025-06-01,4,8,Product
CUST_03773,2025-12-01,6,3,Features
CUST_03786,2025-11-01,8,30,Integration
CUST_03786,2025-08-01,8,28,Product
CUST_03788,2025-12-01,9,35,Features
CUST_03788,2025-06-01,8,24,Product
CUST_03789,2025-12-01,7,28,Features
CUST_03791,2025-01-01,7,37,Support
CUST_03797,2025-10-01,6,20,Features
CUST_03800,2025-10-01,6,7,Features
CUST_03800,2025-12-01,5,4,Features
CUST_03804,2025-12-01,7,0,Features
CUST_03807,2025-09-01,6,11,Product
CUST_03809,2024-11-01,8,21,Product
CUST_03810,2024-05-01,8,35,Features
CUST_03810,2025-06-01,7,18,Features
CUST_03812,2025-09-01,6,11,Features
CUST_03817,2025-07-01,7,17,Features
CUST_03818,2024-12-01,10,52,Product
CUST_03833,2025-01-01,7,25,Product
CUST_03836,2024-12-01,7,34,Features
CUST_03838,2025-02-01,9,21,Features
CUST_03845,2024-08-01,8,34,Features
CUST_03845,2024-10-01,7,28,Product
CUST_03849,2025-12-01,6,-1,Support
CUST_03852,2024-04-01,7,19,Product
CUST_03853,2025-08-01,7,13,Features
CUST_03856,2025-07-01,9,32,Product
CUST_03856,2025-11-01,9,36,Product
CUST_03856,2025-10-01,9,52,Features
CUST_03857,2025-02-01,8,11,Integration
CUST_03858,2024-12-01,8,27,Product
CUST_03866,2025-03-01,6,8,Product
CUST_03872,2025-02-01,5,-1,Support
CUST_03875,2025-04-01,6,-1,Product
CUST_03879,2025-02-01,9,47,Features
CUST_03879,2025-01-01,9,25,Features
CUST_03882,2025-04-01,6,4,Product
CUST_03890,2025-06-01,7,15,Product
CUST_03895,2025-12-01,6,3,Support
CUST_03904,2024-06-01,6,13,Product
CUST_03907,2025-06-01,6,26,Product
CUST_03909,2025-04-01,7,10,Product
CUST_03918,2025-08-01,6,7,Product
CUST_03921,2025-05-01,6,23,Product
CUST_03928,2025-12-01,9,21,Integration
CUST_03929,2024-11-01,8,33,Product
CUST_03934,2025-10-01,8,36,Product
CUST_03934,2025-10-01,7,5,Product
CUST_03941,2025-06-01,7,22,Support
CUST_03944,2024-06-01,6,6,Product
CUST_03946,2025-09-01,9,50,Features
CUST_03948,2025-05-01,8,6,Integration
CUST_03949,2024-10-01,7,36,Product
CUST_03956,2025-02-01,10,58,Integration
CUST_03958,2025-02-01,7,21,Product
CUST_03958,2025-10-01,10,44,Product
CUST_03959,2025-02-01,7,5,Features
CUST_03960,2025-12-01,6,26,Product
CUST_03960,2025-09-01,6,11,Product
CUST_03961,2024-12-01,8,29,Features
CUST_03969,2024-10-01,10,46,Features
CUST_03973,2024-11-01,6,13,Features
CUST_03980,2025-08-01,9,31,Product
CUST_03991,2025-12-01,6,9,Features
CUST_03995,2025-05-01,7,27,Features
CUST_03998,2024-04-01,7,4,Support
CUST_03999,2025-02-01,9,35,Product
CUST_04000,2025-09-01,8,34,Integration
CUST_04006,2025-01-01,5,-20,Product
CUST_04018,2025-09-01,7,21,Features
CUST_04022,2025-06-01,9,29,Features
CUST_04029,2025-07-01,8,37,Features
CUST_04030,2024-12-01,8,29,Integration
CUST_04032,2025-03-01,6,8,Product
CUST_04034,2025-08-01,9,32,Features
CUST_04039,2025-08-01,5,2,Features
CUST_04045,2025-04-01,9,38,Features
CUST_04045,2025-05-01,9,58,Features
CUST_04046,2025-09-01,7,40,Features
CUST_04047,2024-10-01,10,49,Features
CUST_04051,2025-06-01,7,37,Product
CUST_04054,2025-08-01,9,40,Integration
CUST_04059,2025-03-01,6,-6,Product
CUST_04059,2025-11-01,6,21,Features
CUST_04074,2025-09-01,7,9,Product
CUST_04078,2025-02-01,7,-8,Features
CUST_04078,2025-06-01,8,8,Features
CUST_04080,2024-09-01,8,39,Product
CUST_04082,2025-12-01,6,2,Support
CUST_04096,2024-10-01,5,9,Product
CUST_04098,2025-02-01,6,25,Features
CUST_04099,2025-12-01,8,32,Product
CUST_04104,2025-05-01,6,9,Product
CUST_04118,2025-08-01,6,21,Features
CUST_04125,2025-07-01,9,44,Product
CUST_04125,2024-09-01,9,49,Features
CUST_04129,2025-09-01,10,53,Features
CUST_04131,2024-12-01,9,53,Integration
CUST_04131,2025-09-01,8,28,Product
CUST_04144,2025-03-01,7,29,Product
CUST_04147,2025-09-01,8,32,Integration
CUST_04149,2024-10-01,9,28,Product
CUST_04151,2025-05-01,9,29,Features
CUST_04156,2025-11-01,6,-3,Product
CUST_04163,2025-04-01,8,25,Product
CUST_04174,2025-12-01,7,16,Product
CUST_04174,2024-09-01,7,18,Features
CUST_04182,2024-11-01,7,-7,Support
CUST_04183,2025-11-01,8,49,Product
CUST_04186,2025-06-01,8,12,Features
CUST_04187,2025-04-01,9,37,Product
CUST_04187,2024-09-01,8,51,Product
CUST_04189,2025-01-01,6,3,Product
CUST_04199,2025-06-01,7,11,Features
CUST_04202,2025-12-01,9,33,Integration
CUST_04202,2024-11-01,6,-3,Features
CUST_04202,2025-05-01,7,34,Support
CUST_04204,2025-05-01,8,22,Features
CUST_04207,2024-10-01,7,27,Features
CUST_04213,2025-02-01,6,25,Product
CUST_04214,2025-08-01,8,39,Integration
CUST_04214,2024-02-01,7,39,Support
CUST_04214,2024-03-01,7,21,Product
CUST_04219,2024-04-01,8,28,Features
CUST_04220,2025-07-01,5,21,Product
CUST_04226,2024-12-01,8,52,Product
CUST_04226,2025-01-01,8,40,Integration
CUST_04226,2025-05-01,7,9,Features
CUST_04233,2024-07-01,9,35,Features
CUST_04233,2024-10-01,10,68,Product
CUST_04238,2025-02-01,8,32,Product
CUST_04241,2025-06-01,9,31,Product
CUST_04248,2025-03-01,6,14,Support
CUST_04251,2025-07-01,5,-13,Support
CUST_04251,2024-07-01,9,59,Features
CUST_04257,2025-12-01,8,26,Product
CUST_04257,2025-05-01,7,16,Product
CUST_04263,2025-12-01,7,29,Product
CUST_04267,2025-02-01,6,11,Support
CUST_04270,2025-06-01,9,41,Integration
CUST_04274,2024-11-01,9,35,Product
CUST_04274,2025-02-01,9,54,Product
CUST_04277,2025-08-01,4,-3,Product
CUST_04279,2024-10-01,7,27,Support
CUST_04287,2025-07-01,6,39,Support
CUST_04287,2025-01-01,5,9,Support
CUST_04290,2025-03-01,6,14,Support
CUST_04293,2025-12-01,8,20,Features
CUST_04298,2025-10-01,6,5,Product
CUST_04300,2024-11-01,9,69,Product
CUST_04301,2024-05-01,6,7,Product
CUST_04306,2025-12-01,8,33,Product
CUST_04309,2025-05-01,8,31,Features
CUST_04313,2025-08-01,10,62,Features
CUST_04314,2025-06-01,6,8,Features
CUST_04314,2024-12-01,8,29,Integration
CUST_04319,2025-06-01,6,32,Product
CUST_04323,2025-03-01,6,3,Product
CUST_04323,2024-07-01,6,22,Features
CUST_04323,2025-12-01,6,-6,Support
CUST_04325,2024-07-01,8,19,Product
CUST_04327,2025-04-01,7,28,Support
CUST_04329,2025-08-01,6,13,Features
CUST_04334,2025-03-01,5,0,Product
CUST_04337,2025-01-01,7,30,Features
CUST_04337,2024-11-01,10,60,Product
CUST_04339,2025-10-01,8,17,Features
CUST_04342,2025-04-01,7,6,Support
CUST_04343,2025-07-01,6,3,Support
CUST_04346,2025-03-01,7,16,Product
CUST_04346,2024-11-01,10,65,Features
CUST_04348,2025-10-01,8,39,Product
CUST_04350,2024-09-01,5,-10,Features
CUST_04369,2025-11-01,7,26,Product
CUST_04371,2025-01-01,9,32,Product
CUST_04371,2025-04-01,7,31,Support
CUST_04371,2025-04-01,5,-9,Support
CUST_04379,2025-09-01,8,42,Product
CUST_04381,2025-11-01,8,18,Integration
CUST_04381,2024-05-01,6,0,Product
CUST_04387,2025-04-01,8,41,Product
CUST_04391,2024-08-01,7,-5,Features
CUST_04392,2025-12-01,6,13,Product
CUST_04393,2025-03-01,6,-4,Product
CUST_04394,2025-12-01,8,34,Product
CUST_04400,2025-01-01,8,12,Product
CUST_04400,2025-03-01,9,21,Features
CUST_04401,2025-04-01,7,29,Features
CUST_04402,2025-08-01,7,48,Support
CUST_04402,2025-07-01,8,32,Features
CUST_04402,2025-08-01,6,28,Features
CUST_04410,2025-09-01,7,25,Product
CUST_04415,2025-10-01,6,24,Features
CUST_04417,2024-07-01,7,45,Support
CUST_04420,2025-11-01,7,26,Features
CUST_04429,2025-10-01,5,5,Product
CUST_04431,2025-01-01,9,38,Integration
CUST_04442,2024-12-01,8,21,Product
CUST_04443,2025-04-01,9,43,Product
CUST_04444,2025-08-01,7,6,Features
CUST_04450,2025-07-01,7,35,Features
CUST_04450,2025-06-01,7,29,Support
CUST_04462,2025-12-01,9,49,Product
CUST_04467,2025-12-01,7,16,Product
CUST_04475,2025-01-01,5,-7,Support
CUST_04477,2025-05-01,7,31,Support
CUST_04485,2025-09-01,8,37,Integration
CUST_04501,2025-11-01,8,42,Integration
CUST_04504,2025-01-01,8,36,Features
CUST_04509,2025-12-01,5,9,Product
CUST_04512,2024-12-01,9,40,Product
CUST_04515,2025-02-01,8,39,Product
CUST_04526,2025-03-01,8,15,Integration
CUST_04527,2024-12-01,8,20,Product
CUST_04528,2025-12-01,5,4,Support
CUST_04529,2025-07-01,5,-17,Product
CUST_04531,2025-11-01,7,22,Features
CUST_04533,2024-09-01,9,36,Product
CUST_04536,2025-09-01,10,70,Product
CUST_04542,2025-12-01,7,12,Product
CUST_04547,2025-07-01,7,19,Support
CUST_04549,2025-09-01,9,50,Integration
CUST_04556,2024-12-01,6,24,Product
CUST_04566,2024-04-01,6,22,Product
CUST_04573,2025-09-01,5,-5,Features
CUST_04573,2025-09-01,7,28,Features
CUST_04577,2025-10-01,10,73,Product
CUST_04579,2025-10-01,9,38,Features
CUST_04586,2024-06-01,9,22,Features
CUST_04587,2024-07-01,8,13,Product
CUST_04588,2025-10-01,8,25,Integration
CUST_04588,2025-10-01,6,20,Product
CUST_04589,2025-05-01,5,13,Product
CUST_04590,2024-04-01,7,32,Product
CUST_04590,2025-01-01,8,34,Product
CUST_04590,2025-01-01,8,41,Features
CUST_04593,2025-06-01,6,29,Features
CUST_04593,2025-11-01,4,27,Support
CUST_04595,2024-05-01,10,34,Product
CUST_04597,2025-10-01,8,25,Product
CUST_04603,2025-03-01,5,-18,Support
CUST_04606,2024-09-01,6,20,Features
CUST_04609,2025-04-01,10,70,Features
CUST_04610,2025-08-01,6,30,Features
CUST_04611,2025-12-01,9,35,Integration
CUST_04611,2024-09-01,8,16,Integration
CUST_04612,2025-05-01,8,23,Product
CUST_04615,2025-06-01,9,48,Integration
CUST_04617,2025-12-01,7,28,Support
CUST_04621,2025-06-01,5,16,Support
CUST_04625,2025-09-01,8,10,Product
CUST_04625,2025-11-01,7,28,Product
CUST_04625,2024-12-01,7,21,Features
CUST_04628,2025-01-01,8,36,Integration
CUST_04628,2025-09-01,7,11,Product
CUST_04630,2025-08-01,6,16,Product
CUST_04631,2025-06-01,8,31,Integration
CUST_04633,2025-12-01,5,2,Support
CUST_04646,2025-03-01,10,36,Integration
CUST_04652,2025-11-01,9,58,Integration
CUST_04654,2025-02-01,7,23,Product
CUST_04667,2025-08-01,8,25,Features
CUST_04674,2025-07-01,8,33,Product
CUST_04682,2025-09-01,9,36,Features
CUST_04682,2025-03-01,7,22,Product
CUST_04683,2025-04-01,8,52,Features
CUST_04689,2025-01-01,10,50,Product
CUST_04692,2024-12-01,6,13,Features
CUST_04694,2025-04-01,7,19,Features
CUST_04699,2025-03-01,7,12,Features
CUST_04701,2025-08-01,6,4,Support
CUST_04703,2025-12-01,8,10,Product
CUST_04705,2025-05-01,8,31,Integration
CUST_04708,2024-11-01,7,41,Product
CUST_04712,2025-12-01,6,5,Support
CUST_04712,2025-07-01,8,39,Features
CUST_04714,2025-08-01,7,40,Product
CUST_04724,2025-02-01,8,41,Product
CUST_04728,2025-07-01,7,35,Features
CUST_04730,2025-11-01,6,28,Features
CUST_04737,2024-09-01,8,27,Features
CUST_04737,2025-12-01,6,18,Product
CUST_04738,2025-04-01,7,19,Features
CUST_04738,2025-05-01,8,37,Product
CUST_04738,2025-01-01,10,47,Product
CUST_04740,2025-07-01,9,38,Integration
CUST_04744,2025-09-01,7,23,Features
CUST_04744,2025-06-01,7,19,Features
CUST_04747,2025-06-01,6,7,Support
CUST_04748,2025-05-01,7,30,Features
CUST_04748,2025-07-01,6,6,Support
CUST_04751,2025-09-01,8,31,Features
CUST_04753,2025-08-01,7,35,Features
CUST_04765,2025-02-01,8,44,Product
CUST_04770,2025-06-01,7,20,Product
CUST_04773,2025-10-01,8,14,Integration
CUST_04774,2025-05-01,5,4,Support
CUST_04776,2025-11-01,7,15,Features
CUST_04786,2025-09-01,8,35,Product
CUST_04795,2025-05-01,8,25,Integration
CUST_04798,2025-10-01,6,3,Support
CUST_04799,2025-07-01,7,32,Support
CUST_04803,2024-12-01,7,26,Product
CUST_04811,2025-11-01,8,37,Features
CUST_04820,2025-04-01,9,52,Integration
CUST_04821,2025-04-01,6,20,Support
CUST_04823,2024-09-01,9,34,Features
CUST_04839,2025-04-01,7,37,Product
CUST_04840,2025-10-01,9,45,Product
CUST_04844,2024-09-01,9,32,Product
CUST_04849,2025-12-01,9,47,Integration
CUST_04849,2025-05-01,9,46,Product
CUST_04851,2025-02-01,6,9,Features
CUST_04856,2025-04-01,7,23,Features
CUST_04856,2025-10-01,7,21,Features
CUST_04858,2025-07-01,7,20,Product
CUST_04859,2025-09-01,7,14,Support
CUST_04864,2024-09-01,6,12,Features
CUST_04865,2025-07-01,8,17,Product
CUST_04865,2025-07-01,6,16,Features
CUST_04865,2025-01-01,7,24,Features
CUST_04867,2025-04-01,7,31,Features
CUST_04867,2025-08-01,6,16,Support
CUST_04870,2025-03-01,8,31,Features
CUST_04873,2024-06-01,6,-13,Product
CUST_04876,2025-07-01,8,30,Product
CUST_04878,2024-07-01,7,43,Support
CUST_04885,2024-12-01,9,68,Features
CUST_04886,2025-07-01,8,37,Product
CUST_04894,2025-09-01,9,29,Integration
CUST_04896,2025-08-01,8,21,Product
CUST_04896,2025-04-01,6,15,Product
CUST_04900,2024-10-01,8,49,Product
CUST_04900,2024-11-01,8,54,Product
CUST_04902,2025-08-01,7,46,Product
CUST_04906,2025-02-01,6,43,Product
CUST_04906,2025-06-01,7,27,Product
CUST_04908,2024-06-01,7,33,Product
CUST_04910,2025-10-01,9,35,Features
CUST_04911,2025-04-01,6,15,Support
CUST_04920,2025-06-01,7,29,Support
CUST_04921,2025-01-01,7,22,Product
CUST_04921,2024-11-01,8,27,Product
CUST_04921,2024-12-01,7,28,Product
CUST_04922,2025-01-01,7,30,Features
CUST_04926,2025-11-01,5,0,Product
CUST_04930,2025-11-01,6,5,Features
CUST_04936,2025-05-01,7,8,Product
CUST_04938,2024-07-01,7,29,Product
CUST_04951,2025-12-01,8,41,Features
CUST_04953,2025-12-01,8,23,Product
CUST_04960,2025-12-01,5,19,Support
CUST_04962,2025-09-01,8,33,Product
CUST_04966,2025-12-01,7,27,Product
CUST_04969,2024-11-01,7,2,Product
CUST_04972,2025-01-01,6,20,Support
CUST_04974,2025-02-01,7,27,Features
CUST_04984,2025-03-01,8,37,Product
CUST_04986,2025-02-01,8,10,Product
CUST_04988,2025-07-01,7,10,Features
CUST_04991,2024-09-01,6,-6,Features
CUST_04991,2025-07-01,7,11,Features
CUST_04991,2025-09-01,6,19,Support
CUST_04997,2025-08-01,6,3,Support
CUST_04998,2025-03-01,5,-4,Features
